{"cameraMode":{"drawMode":0,"name":"Shaded","section":"Shading Mode"},"sceneLighting":true,"audioPlay":false,"sceneViewState":{"showFog":false,"showMaterialUpdate":false,"showSkybox":true,"showFlares":false,"showImageEffects":false,"showParticleSystems":false},"in2DMode":false,"pivot":{"x":-37.98838806152344,"y":-149.7194061279297,"z":-2.274322509765625},"rotation":{"x":0.6905253529548645,"y":0.2681273818016052,"z":-0.31089895963668826,"w":0.595717191696167},"size":140.17567443847657,"orthographic":false}