{"cameraMode":{"drawMode":0,"name":"Shaded","section":"Shading Mode"},"sceneLighting":true,"audioPlay":false,"sceneViewState":{"showFog":false,"showMaterialUpdate":false,"showSkybox":true,"showFlares":false,"showImageEffects":false,"showParticleSystems":false},"in2DMode":false,"pivot":{"x":-53.16869354248047,"y":-88.49714660644531,"z":125.3995132446289},"rotation":{"x":0.30200740694999697,"y":-0.39237773418426516,"z":0.13811512291431428,"w":0.8578251600265503},"size":152.94989013671876,"orthographic":false}