{"cameraMode":{"drawMode":0,"name":"Shaded","section":"Shading Mode"},"sceneLighting":true,"audioPlay":false,"sceneViewState":{"showFog":false,"showMaterialUpdate":false,"showSkybox":true,"showFlares":false,"showImageEffects":false,"showParticleSystems":false},"in2DMode":false,"pivot":{"x":-7.772360324859619,"y":-2.852693557739258,"z":23.018001556396486},"rotation":{"x":0.015190383419394493,"y":0.9495820999145508,"z":-0.3104684054851532,"w":0.046166419982910159},"size":16.98360824584961,"orthographic":false}