{"cameraMode":{"drawMode":0,"name":"Shaded","section":"Shading Mode"},"sceneLighting":true,"audioPlay":false,"sceneViewState":{"showFog":false,"showMaterialUpdate":false,"showSkybox":true,"showFlares":false,"showImageEffects":false,"showParticleSystems":false},"in2DMode":false,"pivot":{"x":19.49778175354004,"y":4.582611083984375,"z":2.267841339111328},"rotation":{"x":0.08745662122964859,"y":0.30919986963272097,"z":-0.02886168844997883,"w":0.9468111991882324},"size":10.191754341125489,"orthographic":false}