{"cameraMode":{"drawMode":0,"name":"Shaded","section":"Shading Mode"},"sceneLighting":true,"audioPlay":false,"sceneViewState":{"showFog":false,"showMaterialUpdate":false,"showSkybox":true,"showFlares":false,"showImageEffects":false,"showParticleSystems":false},"in2DMode":false,"pivot":{"x":16.58768081665039,"y":1.7026119232177735,"z":38.043174743652347},"rotation":{"x":-0.3326926827430725,"y":0.6666818857192993,"z":-0.4527994692325592,"w":-0.49019330739974978},"size":9.115053176879883,"orthographic":false}