{"cameraMode":{"drawMode":0,"name":"Shaded","section":"Shading Mode"},"sceneLighting":true,"audioPlay":false,"sceneViewState":{"showFog":false,"showMaterialUpdate":false,"showSkybox":true,"showFlares":false,"showImageEffects":false,"showParticleSystems":false},"in2DMode":false,"pivot":{"x":641.8547973632813,"y":230.49244689941407,"z":-207.18609619140626},"rotation":{"x":0.13952657580375672,"y":0.057125430554151538,"z":-0.008463907055556775,"w":0.9888219237327576},"size":1268.2314453125,"orthographic":false}