{"cameraMode":{"drawMode":0,"name":"Shaded","section":"Shading Mode"},"sceneLighting":false,"audioPlay":false,"sceneViewState":{"showFog":false,"showMaterialUpdate":false,"showSkybox":false,"showFlares":false,"showImageEffects":false,"showParticleSystems":false},"in2DMode":false,"pivot":{"x":11.601394653320313,"y":9.061930656433106,"z":25.69036865234375},"rotation":{"x":0.1790771335363388,"y":-0.5603591203689575,"z":0.1255832314491272,"w":0.7988768815994263},"size":12.692381858825684,"orthographic":false}