{"cameraMode":{"drawMode":0,"name":"Shaded","section":"Shading Mode"},"sceneLighting":true,"audioPlay":false,"sceneViewState":{"showFog":false,"showMaterialUpdate":false,"showSkybox":true,"showFlares":false,"showImageEffects":false,"showParticleSystems":false},"in2DMode":false,"pivot":{"x":58.74420166015625,"y":34.06622314453125,"z":30.96123695373535},"rotation":{"x":0.19729556143283845,"y":0.7028696537017822,"z":-0.21357567608356477,"w":0.649274468421936},"size":48.78981399536133,"orthographic":false}