{"cameraMode":{"drawMode":0,"name":"Shaded","section":"Shading Mode"},"sceneLighting":true,"audioPlay":false,"sceneViewState":{"showFog":false,"showMaterialUpdate":false,"showSkybox":true,"showFlares":false,"showImageEffects":false,"showParticleSystems":false},"in2DMode":false,"pivot":{"x":191.3506317138672,"y":144.48065185546876,"z":225.79034423828126},"rotation":{"x":0.14794790744781495,"y":-0.013032282702624798,"z":0.0019721861463040115,"w":0.9889419674873352},"size":429.9811706542969,"orthographic":false}