{"cameraMode":{"drawMode":0,"name":"Shaded","section":"Shading Mode"},"sceneLighting":true,"audioPlay":false,"sceneViewState":{"showFog":false,"showMaterialUpdate":false,"showSkybox":true,"showFlares":false,"showImageEffects":false,"showParticleSystems":false},"in2DMode":false,"pivot":{"x":-0.9878087043762207,"y":-26.299545288085939,"z":-10.981597900390625},"rotation":{"x":-0.007557244040071964,"y":-0.9536837339401245,"z":0.29982081055641177,"w":-0.024041656404733659},"size":72.07311248779297,"orthographic":false}