{"cameraMode":{"drawMode":0,"name":"Shaded","section":"Shading Mode"},"sceneLighting":true,"audioPlay":false,"sceneViewState":{"showFog":false,"showMaterialUpdate":false,"showSkybox":true,"showFlares":false,"showImageEffects":false,"showParticleSystems":false},"in2DMode":false,"pivot":{"x":-13.080608367919922,"y":-18.659622192382814,"z":-4.046993255615234},"rotation":{"x":0.4882819950580597,"y":0.12507767975330354,"z":-0.07099051773548126,"w":0.8607783317565918},"size":72.57819366455078,"orthographic":false}