{"cameraMode":{"drawMode":0,"name":"Shaded","section":"Shading Mode"},"sceneLighting":false,"audioPlay":false,"sceneViewState":{"showFog":false,"showMaterialUpdate":false,"showSkybox":false,"showFlares":false,"showImageEffects":false,"showParticleSystems":false},"in2DMode":false,"pivot":{"x":14.7073974609375,"y":0.8905303478240967,"z":26.035921096801759},"rotation":{"x":-0.010884811170399189,"y":0.32779183983802798,"z":-0.0037236232310533525,"w":-0.9449232816696167},"size":1.448517084121704,"orthographic":false}