{"cameraMode":{"drawMode":0,"name":"Shaded","section":"Shading Mode"},"sceneLighting":false,"audioPlay":false,"sceneViewState":{"showFog":false,"showMaterialUpdate":false,"showSkybox":false,"showFlares":false,"showImageEffects":false,"showParticleSystems":false},"in2DMode":false,"pivot":{"x":-17.911211013793947,"y":-19.887510299682618,"z":42.05406951904297},"rotation":{"x":-0.1808510273694992,"y":0.14551909267902375,"z":-0.02610141783952713,"w":-0.9726327061653137},"size":38.6759147644043,"orthographic":false}