{"cameraMode":{"drawMode":0,"name":"Shaded","section":"Shading Mode"},"sceneLighting":true,"audioPlay":false,"sceneViewState":{"showFog":false,"showMaterialUpdate":false,"showSkybox":true,"showFlares":false,"showImageEffects":false,"showParticleSystems":false},"in2DMode":false,"pivot":{"x":-3.200664520263672,"y":-30.17792510986328,"z":13.324832916259766},"rotation":{"x":0.4630235731601715,"y":-0.117685467004776,"z":0.06218371167778969,"w":0.8762962222099304},"size":75.47126007080078,"orthographic":false}