{"cameraMode":{"drawMode":0,"name":"Shaded","section":"Shading Mode"},"sceneLighting":false,"audioPlay":false,"sceneViewState":{"showFog":false,"showMaterialUpdate":false,"showSkybox":false,"showFlares":false,"showImageEffects":false,"showParticleSystems":false},"in2DMode":false,"pivot":{"x":15.122322082519532,"y":2.474571943283081,"z":28.20954704284668},"rotation":{"x":0.2872796058654785,"y":-0.40071773529052737,"z":0.13388691842556,"w":0.8596630692481995},"size":3.514479637145996,"orthographic":false}