{"cameraMode":{"drawMode":0,"name":"Shaded","section":"Shading Mode"},"sceneLighting":true,"audioPlay":false,"sceneViewState":{"showFog":false,"showMaterialUpdate":false,"showSkybox":true,"showFlares":false,"showImageEffects":false,"showParticleSystems":false},"in2DMode":false,"pivot":{"x":14.542659759521485,"y":-2.274296760559082,"z":24.765722274780275},"rotation":{"x":0.015190383419394493,"y":0.9495820999145508,"z":-0.3104684054851532,"w":0.046166419982910159},"size":5.178721904754639,"orthographic":false}