{"cameraMode":{"drawMode":0,"name":"Shaded","section":"Shading Mode"},"sceneLighting":true,"audioPlay":false,"sceneViewState":{"showFog":false,"showMaterialUpdate":false,"showSkybox":true,"showFlares":false,"showImageEffects":false,"showParticleSystems":false},"in2DMode":false,"pivot":{"x":127.83679962158203,"y":-740.7868041992188,"z":781.7493896484375},"rotation":{"x":-0.39969268441200259,"y":-0.04794376343488693,"z":0.02178456261754036,"w":-0.9154524207115173},"size":711.4283447265625,"orthographic":false}