{"cameraMode":{"drawMode":0,"name":"Shaded","section":"Shading Mode"},"sceneLighting":true,"audioPlay":false,"sceneViewState":{"showFog":false,"showMaterialUpdate":false,"showSkybox":true,"showFlares":false,"showImageEffects":false,"showParticleSystems":false},"in2DMode":false,"pivot":{"x":3.395099639892578,"y":31.749717712402345,"z":-21.48453140258789},"rotation":{"x":-0.0073964218609035019,"y":-0.6378238797187805,"z":-0.0059627145528793339,"w":0.7704546451568604},"size":49.687339782714847,"orthographic":false}