{"cameraMode":{"drawMode":0,"name":"Shaded","section":"Shading Mode"},"sceneLighting":false,"audioPlay":false,"sceneViewState":{"showFog":false,"showMaterialUpdate":false,"showSkybox":false,"showFlares":false,"showImageEffects":false,"showParticleSystems":false},"in2DMode":false,"pivot":{"x":-0.005155086517333984,"y":0.055260539054870608,"z":-0.23308336734771729},"rotation":{"x":-0.11746562272310257,"y":0.002907278947532177,"z":0.0004321275628171861,"w":-0.993364691734314},"size":4.2996625900268559,"orthographic":false}