{"cameraMode":{"drawMode":0,"name":"Shaded","section":"Shading Mode"},"sceneLighting":true,"audioPlay":false,"sceneViewState":{"showFog":false,"showMaterialUpdate":false,"showSkybox":true,"showFlares":false,"showImageEffects":false,"showParticleSystems":false},"in2DMode":false,"pivot":{"x":121.95521545410156,"y":-26.909854888916017,"z":-30.576656341552736},"rotation":{"x":-0.10158604383468628,"y":-0.8455710411071777,"z":0.17369329929351808,"w":-0.4945298433303833},"size":68.39473724365235,"orthographic":false}