{"cameraMode":{"drawMode":0,"name":"Shaded","section":"Shading Mode"},"sceneLighting":false,"audioPlay":false,"sceneViewState":{"showFog":false,"showMaterialUpdate":false,"showSkybox":false,"showFlares":false,"showImageEffects":false,"showParticleSystems":false},"in2DMode":false,"pivot":{"x":15.9399995803833,"y":1.445625901222229,"z":21.579999923706056},"rotation":{"x":-0.1364928036928177,"y":-0.062447335571050647,"z":0.00936098862439394,"w":-0.9889213442802429},"size":1.330672025680542,"orthographic":false}