{"cameraMode":{"drawMode":0,"name":"Shaded","section":"Shading Mode"},"sceneLighting":false,"audioPlay":false,"sceneViewState":{"showFog":false,"showMaterialUpdate":false,"showSkybox":false,"showFlares":false,"showImageEffects":false,"showParticleSystems":false},"in2DMode":false,"pivot":{"x":0.5953636169433594,"y":-0.03774619102478027,"z":-0.10664761066436768},"rotation":{"x":-0.21746720373630525,"y":-0.6086467504501343,"z":0.17939691245555879,"w":-0.7420622706413269},"size":5.153296947479248,"orthographic":false}