{"cameraMode":{"drawMode":0,"name":"Shaded","section":"Shading Mode"},"sceneLighting":true,"audioPlay":false,"sceneViewState":{"showFog":false,"showMaterialUpdate":false,"showSkybox":true,"showFlares":false,"showImageEffects":false,"showParticleSystems":false},"in2DMode":false,"pivot":{"x":41.04922866821289,"y":-15.2584228515625,"z":4.681068420410156},"rotation":{"x":-0.6417461633682251,"y":-0.014619234949350357,"z":0.01319037564098835,"w":-0.7670505046844482},"size":86.31385040283203,"orthographic":false}