{"cameraMode":{"drawMode":0,"name":"Shaded","section":"Shading Mode"},"sceneLighting":true,"audioPlay":false,"sceneViewState":{"showFog":false,"showMaterialUpdate":false,"showSkybox":true,"showFlares":false,"showImageEffects":false,"showParticleSystems":false},"in2DMode":false,"pivot":{"x":-29.21010971069336,"y":-20.685577392578126,"z":18.6307373046875},"rotation":{"x":0.41378965973854067,"y":-0.1397424042224884,"z":0.06444425880908966,"w":0.897273600101471},"size":126.9704818725586,"orthographic":false}