{"cameraMode":{"drawMode":0,"name":"Shaded","section":"Shading Mode"},"sceneLighting":true,"audioPlay":false,"sceneViewState":{"showFog":false,"showMaterialUpdate":false,"showSkybox":true,"showFlares":false,"showImageEffects":false,"showParticleSystems":false},"in2DMode":false,"pivot":{"x":-67.3961410522461,"y":-1.7390060424804688,"z":16.91783905029297},"rotation":{"x":-0.10785116255283356,"y":0.8193703889846802,"z":-0.1639425903558731,"w":-0.5388043522834778},"size":66.73331451416016,"orthographic":false}