{"cameraMode":{"drawMode":0,"name":"Shaded","section":"Shading Mode"},"sceneLighting":true,"audioPlay":false,"sceneViewState":{"showFog":false,"showMaterialUpdate":false,"showSkybox":true,"showFlares":false,"showImageEffects":false,"showParticleSystems":false},"in2DMode":false,"pivot":{"x":251.25685119628907,"y":-142.25738525390626,"z":-175.6671600341797},"rotation":{"x":-0.11825482547283173,"y":-0.8666536808013916,"z":0.24499301612377168,"w":-0.41831836104393008},"size":287.39794921875,"orthographic":false}