{"cameraMode":{"drawMode":0,"name":"Shaded","section":"Shading Mode"},"sceneLighting":true,"audioPlay":false,"sceneViewState":{"showFog":false,"showMaterialUpdate":false,"showSkybox":true,"showFlares":false,"showImageEffects":false,"showParticleSystems":false},"in2DMode":false,"pivot":{"x":4.607761383056641,"y":-7.1358795166015629,"z":-21.420005798339845},"rotation":{"x":0.033539846539497378,"y":0.9639859199523926,"z":-0.21836316585540772,"w":0.1498442143201828},"size":75.93844604492188,"orthographic":false}