{"cameraMode":{"drawMode":0,"name":"Shaded","section":"Shading Mode"},"sceneLighting":true,"audioPlay":false,"sceneViewState":{"showFog":false,"showMaterialUpdate":false,"showSkybox":true,"showFlares":false,"showImageEffects":false,"showParticleSystems":false},"in2DMode":false,"pivot":{"x":-18.559864044189454,"y":12.161933898925782,"z":2.637085437774658},"rotation":{"x":0.4637070596218109,"y":0.5359641909599304,"z":-0.48598092794418337,"w":0.5114566683769226},"size":48.12156677246094,"orthographic":false}