{"cameraMode":{"drawMode":0,"name":"Shaded","section":"Shading Mode"},"sceneLighting":false,"audioPlay":false,"sceneViewState":{"showFog":false,"showMaterialUpdate":false,"showSkybox":false,"showFlares":false,"showImageEffects":false,"showParticleSystems":false},"in2DMode":false,"pivot":{"x":14.19074821472168,"y":1.3662469387054444,"z":5.638784885406494},"rotation":{"x":-0.060359854251146319,"y":-0.8072877526283264,"z":0.08474777638912201,"w":-0.5814281105995178},"size":1.4884536266326905,"orthographic":false}