{"cameraMode":{"drawMode":0,"name":"Shaded","section":"Shading Mode"},"sceneLighting":false,"audioPlay":false,"sceneViewState":{"showFog":false,"showMaterialUpdate":false,"showSkybox":false,"showFlares":false,"showImageEffects":false,"showParticleSystems":false},"in2DMode":false,"pivot":{"x":17.746749877929689,"y":1.0348339080810547,"z":6.886678695678711},"rotation":{"x":-0.0035202386789023878,"y":-0.811699628829956,"z":0.005726051051169634,"w":-0.5845471024513245},"size":1.297408103942871,"orthographic":false}