{"cameraMode":{"drawMode":0,"name":"Shaded","section":"Shading Mode"},"sceneLighting":true,"audioPlay":false,"sceneViewState":{"showFog":false,"showMaterialUpdate":false,"showSkybox":true,"showFlares":false,"showImageEffects":false,"showParticleSystems":false},"in2DMode":false,"pivot":{"x":-4.542308807373047,"y":-62.7313232421875,"z":7.260578155517578},"rotation":{"x":0.5012753009796143,"y":-0.1615692675113678,"z":0.09588535130023956,"w":0.8446629047393799},"size":218.23155212402345,"orthographic":false}